title,image link,url
Serial Killers with Head Injuries,//3ssstudios.com/cdn/shop/files/1_094d19c1-e2d0-4b84-9e70-1be5e49c08ff_1080x1530.png?v=1751131892,https://3ssstudios.com//collections/publications/products/serial-killers-with-head-injuries
10 Signs You Live in a Haunted House,//3ssstudios.com/cdn/shop/files/1_44db0c67-9c4c-4f08-a7f7-0e7127a1fd33_1080x1530.png?v=1707956727,https://3ssstudios.com//collections/publications/products/10-signs-you-live-in-a-haunted-house-1
Everybody Should Have Busy: 2 Weeks of Signs and Sayings in Japan,//3ssstudios.com/cdn/shop/files/0_76416f88-2990-4985-adac-1a62f9234189_1080x1530.png?v=1707804068,https://3ssstudios.com//collections/publications/products/everybody-should-have-busy-2-weeks-of-signs-and-sayings-in-japan-1
An Incomplete Radical Feminist Education from the Internet,//3ssstudios.com/cdn/shop/files/5_1b1e3836-859b-4593-b1ac-89ad69d3e4a0_1080x1530.png?v=1720045985,https://3ssstudios.com//collections/publications/products/an-incomplete-radical-feminist-education-from-the-internet-2
The Words of a Gentleman,//3ssstudios.com/cdn/shop/files/0_ab817cdc-6f3a-4340-b74a-54f667e2bd4b_1080x1530.png?v=1707802593,https://3ssstudios.com//collections/publications/products/the-words-of-a-gentleman-1
Chutney Magazine #4,//3ssstudios.com/cdn/shop/files/1_c5d69349-4d63-4ec3-a07e-863957d54197_1080x1530.png?v=1750578246,https://3ssstudios.com//collections/publications/products/chutney-magazine-4
TREES OF AMERICA,//3ssstudios.com/cdn/shop/files/1_3bab5af7-3f1e-4249-9b9f-c5a3864e2163_1080x1530.png?v=1750522368,https://3ssstudios.com//collections/publications/products/trees-of-america
THE BOX SET,//3ssstudios.com/cdn/shop/files/set1_1080x1530.png?v=1750521927,https://3ssstudios.com//collections/publications/products/the-box-set
Railing Codex,//3ssstudios.com/cdn/shop/files/1_b4d6afb5-f035-4ede-a26e-7f109b5f0340_1080x1530.png?v=1750370427,https://3ssstudios.com//collections/publications/products/railing-codex
PLATES Iteration 2:  Body Issue,//3ssstudios.com/cdn/shop/files/1_73f16a10-b0a5-4308-879c-a822c4005dfc_1080x1530.png?v=1750364239,https://3ssstudios.com//collections/publications/products/plates-2-body-issue
PJUNCTURE (signed),//3ssstudios.com/cdn/shop/files/1_da8e8dfd-80cb-485f-8e8e-e942952eb5a1_1080x1530.png?v=1750177353,https://3ssstudios.com//collections/publications/products/pjuncture
A *Co-* Program for Graphic Design,//3ssstudios.com/cdn/shop/files/1_642c9354-0823-46c7-8534-54030add8493_1080x1530.png?v=1750176463,https://3ssstudios.com//collections/publications/products/a-co-program-for-graphic-design
Prosodic Notes / 浮生笔记,//3ssstudios.com/cdn/shop/files/640_10_1080x1530.png?v=1750030297,https://3ssstudios.com//collections/publications/products/prosodic-notes-%E6%B5%AE%E7%94%9F%E7%AC%94%E8%AE%B0
Missing,//3ssstudios.com/cdn/shop/files/1_1f6514ff-f491-4434-9e8d-60f619871dbf_1080x1530.png?v=1749851113,https://3ssstudios.com//collections/publications/products/missing
Donating books to the reading room,//3ssstudios.com/cdn/shop/files/1_4b590451-756e-4ae7-9c8c-db6fb3a9cb45_1080x1530.png?v=1749929012,https://3ssstudios.com//collections/publications/products/donating-books-to-the-reading-room
For your convenience,//3ssstudios.com/cdn/shop/files/1_4f1118b7-6c0d-45e8-af44-3a74664137c9_1080x1530.png?v=1749933407,https://3ssstudios.com//collections/publications/products/for-your-convenienc
50 selected books from Asia,//3ssstudios.com/cdn/shop/files/1_036e4c18-dde2-4e2e-b89d-cc4961a1b9a7_1080x1530.png?v=1749930969,https://3ssstudios.com//collections/publications/products/50-selected-books-from-asia
PLAY,//3ssstudios.com/cdn/shop/files/22_bc5a5c57-f3c2-4f7d-b5a5-3a7e2fd6e9f5_1080x1530.png?v=1749327265,https://3ssstudios.com//collections/publications/products/play
PUTOTOY ISYU 2,//3ssstudios.com/cdn/shop/files/1_53f8ff65-daf9-41d6-be5f-de20a4b63be4_1080x1530.png?v=1749926164,https://3ssstudios.com//collections/publications/products/putotoy-isyu-2
When You Make No Art,//3ssstudios.com/cdn/shop/files/1_1c8063fd-f482-4a6f-80ea-568cb89230bb_1080x1530.png?v=1750025598,https://3ssstudios.com//collections/publications/products/when-you-make-no-art-4
4N Magazine Issue 3,//3ssstudios.com/cdn/shop/files/16.24.37PM_1080x1530.png?v=1750026351,https://3ssstudios.com//collections/publications/products/4n-magazine-issue-3
Ground Sea / 地浪,//3ssstudios.com/cdn/shop/files/ground-sea_1_1080x1530.png?v=1749059554,https://3ssstudios.com//collections/publications/products/ground-sea-%E5%9C%B0%E6%B5%AA
Radical Softness as a Boundless Form of Resistance,//3ssstudios.com/cdn/shop/files/XY4WAHQOA2BMGRUNFXLXFKHQ2_1080x1530.jpg?v=1748472098,https://3ssstudios.com//collections/publications/products/radical-softness-as-a-boundless-form-of-resistance
Mother Nature is a Lesbian,//3ssstudios.com/cdn/shop/files/WOHZHKPRCPESM2CK4RTQW6QT_1080x1530.jpg?v=1748472127,https://3ssstudios.com//collections/publications/products/mother-nature-is-a-lesbian
